{"cameraMode":{"drawMode":0,"name":"Shaded","section":"Shading Mode"},"sceneLighting":true,"audioPlay":false,"sceneViewState":{"showFog":true,"showMaterialUpdate":false,"showSkybox":true,"showFlares":true,"showImageEffects":true,"showParticleSystems":true},"in2DMode":false,"pivot":{"x":-4.827548027038574,"y":-0.9556188583374023,"z":-0.7038364410400391},"rotation":{"x":0.12749338150024415,"y":-0.6317882537841797,"z":0.10636921226978302,"w":0.7571645975112915},"size":22.0,"orthographic":false}